Confidence,Precision,Recall,F1-Score
0.05,0.4612,0.7778,0.5791
0.10,0.5488,0.7712,0.6413
0.15,0.6051,0.7712,0.6782
0.20,0.6223,0.7647,0.6862
0.25,0.6319,0.7516,0.6866
0.30,0.6395,0.7190,0.6769
0.35,0.6863,0.6863,0.6863
0.40,0.7482,0.6797,0.7123
0.45,0.7863,0.6732,0.7254
0.50,0.7903,0.6405,0.7076
0.55,0.8070,0.6013,0.6891
0.60,0.7981,0.5425,0.6459
0.65,0.8211,0.5098,0.6290
0.70,0.8272,0.4379,0.5726
0.75,0.8636,0.3725,0.5205
0.80,0.8387,0.1699,0.2826
0.85,0.6250,0.0327,0.0621
0.90,0.5000,0.0065,0.0129
