epoch,time,train/box_loss,train/cls_loss,train/dfl_loss,metrics/precision(B),metrics/recall(B),metrics/mAP50(B),metrics/mAP50-95(B),val/box_loss,val/cls_loss,val/dfl_loss,lr/pg0,lr/pg1,lr/pg2
1,42.31,1.9094,3.23277,1.33549,0.00202,0.30719,0.01939,0.00478,2.04563,3.98259,2.06425,0.0883,0.0013,0.0013
2,82.2178,1.65983,1.90995,1.30062,0.0033,0.33333,0.06009,0.01654,2.44975,4.09573,2.65228,0.0756993,0.00269934,0.00269934
3,123.001,1.5677,1.57826,1.25097,2e-05,0.00654,1e-05,0,3.44294,47.8279,3.81811,0.063096,0.004096,0.004096
4,164.861,1.55733,1.54384,1.23761,0,0,0,0,4.57315,2422.64,16.2809,0.0504879,0.00548792,0.00548792
5,205.317,1.48322,1.41352,1.18908,0.66778,0.08497,0.00072,0.00017,3.54083,79.5138,6.31927,0.0378731,0.00687307,0.00687307
6,246.529,1.41042,1.34798,1.15326,0,0,0,0,3.04844,6.98257,2.76494,0.0252494,0.00824942,0.00824942
7,288.185,1.41935,1.3261,1.15098,0.00083,0.05882,0.00056,0.00023,2.67552,5.28316,2.54407,0.012615,0.00961495,0.00961495
8,328.716,1.3775,1.26237,1.15164,0.04535,0.46405,0.0278,0.01131,2.22903,4.65655,2.1847,0.00988079,0.00988079,0.00988079
9,370.476,1.34159,1.23357,1.13773,0.19572,0.12881,0.10164,0.02512,2.85166,3.77804,2.94743,0.00984449,0.00984449,0.00984449
10,410.826,1.27994,1.14203,1.09793,0.31566,0.38556,0.28304,0.10942,2.13742,2.58754,1.88267,0.00980345,0.00980345,0.00980345
11,450.782,1.2959,1.15731,1.08445,0.21212,0.27451,0.16826,0.05782,2.37812,3.04605,2.07771,0.00975773,0.00975773,0.00975773
12,491.558,1.28742,1.13848,1.08473,0.33774,0.33014,0.28941,0.12196,1.92796,2.48422,1.54407,0.00970736,0.00970736,0.00970736
13,531.542,1.21899,1.11363,1.05003,0.1409,0.3268,0.17998,0.09281,1.66529,3.63106,1.32728,0.00965239,0.00965239,0.00965239
14,572.148,1.19363,1.04434,1.0436,0.2336,0.30719,0.21499,0.08411,1.90963,3.22465,1.50845,0.00959289,0.00959289,0.00959289
15,612.393,1.23439,1.03246,1.05458,0.26446,0.40521,0.32776,0.13754,1.82735,2.6326,1.50084,0.00952889,0.00952889,0.00952889
16,652.14,1.20615,1.00386,1.0455,0.49807,0.43272,0.45415,0.23234,1.56749,2.16416,1.28093,0.00946048,0.00946048,0.00946048
17,692.677,1.19531,1.00801,1.0309,0.21871,0.52832,0.38668,0.18045,1.67952,2.00026,1.27429,0.00938772,0.00938772,0.00938772
18,733.234,1.14866,0.97321,1.01607,0.4001,0.60131,0.4592,0.23022,1.54894,1.71764,1.20058,0.00931067,0.00931067,0.00931067
19,773.658,1.10117,0.95119,1.00593,0.38537,0.61316,0.46416,0.20986,1.68691,1.73596,1.23753,0.00922942,0.00922942,0.00922942
20,814.137,1.11045,0.94732,0.99707,0.42683,0.66258,0.45332,0.23982,1.47491,1.89659,1.16041,0.00914405,0.00914405,0.00914405
21,854.552,1.13214,0.97494,1.00918,0.3998,0.64706,0.41479,0.2042,1.56841,1.87213,1.20003,0.00905463,0.00905463,0.00905463
22,894.902,1.1011,0.94234,0.99258,0.39688,0.68627,0.49076,0.20871,1.71883,1.84231,1.20779,0.00896127,0.00896127,0.00896127
23,935.313,1.11009,0.91868,0.99241,0.29984,0.57249,0.46784,0.23063,1.60334,1.86877,1.19404,0.00886404,0.00886404,0.00886404
24,975.682,1.06477,0.904,0.98306,0.39321,0.7451,0.52891,0.2629,1.51899,1.53735,1.11683,0.00876305,0.00876305,0.00876305
25,1015.66,1.05327,0.9057,0.97787,0.35884,0.65359,0.51034,0.25447,1.52789,1.51313,1.15376,0.00865839,0.00865839,0.00865839
26,1055.6,1.07756,0.91678,0.98424,0.47921,0.69281,0.57531,0.3286,1.40173,1.46239,1.09056,0.00855018,0.00855018,0.00855018
27,1096.81,1.04874,0.88304,0.9637,0.48291,0.62745,0.55352,0.3089,1.46082,1.445,1.13247,0.00843851,0.00843851,0.00843851
28,1137.39,1.03912,0.86924,0.97764,0.40363,0.71895,0.54081,0.29157,1.49749,1.5889,1.16364,0.00832349,0.00832349,0.00832349
29,1176.38,1.0388,0.873,0.97639,0.41685,0.64706,0.51329,0.29247,1.43782,1.74236,1.12003,0.00820525,0.00820525,0.00820525
30,1217.61,1.02668,0.87265,0.95752,0.44763,0.74482,0.53909,0.29464,1.4799,1.42461,1.1303,0.00808389,0.00808389,0.00808389
31,1259.47,1.00178,0.83201,0.94801,0.39647,0.75163,0.50592,0.28027,1.38218,1.53155,1.09341,0.00795954,0.00795954,0.00795954
32,1299.62,1.00776,0.83465,0.95323,0.36929,0.5817,0.45475,0.2438,1.4503,1.47289,1.11833,0.00783231,0.00783231,0.00783231
33,1340.87,1.04185,0.83471,0.95348,0.29005,0.65359,0.45487,0.24032,1.47682,1.54173,1.11925,0.00770234,0.00770234,0.00770234
34,1380.45,1.03881,0.83893,0.95523,0.4433,0.45752,0.46322,0.25316,1.52202,1.67632,1.21306,0.00756976,0.00756976,0.00756976
35,1419.78,0.99082,0.82009,0.9452,0.4483,0.6732,0.55143,0.29058,1.5357,1.44634,1.13069,0.00743468,0.00743468,0.00743468
36,1460.37,0.98906,0.80432,0.94533,0.47415,0.73298,0.58158,0.35056,1.36637,1.30313,1.0853,0.00729725,0.00729725,0.00729725
37,1500.9,0.98308,0.80175,0.94192,0.34074,0.6922,0.55298,0.31289,1.45919,1.54859,1.1524,0.00715761,0.00715761,0.00715761
38,1541.87,0.98994,0.80789,0.95074,0.42663,0.73203,0.55587,0.31538,1.40876,1.35781,1.10638,0.00701588,0.00701588,0.00701588
39,1582.17,1.00813,0.80837,0.94976,0.39878,0.70207,0.51799,0.29741,1.48164,1.58044,1.1178,0.00687222,0.00687222,0.00687222
40,1622.08,0.95446,0.78157,0.93131,0.49257,0.73128,0.58043,0.3329,1.38435,1.36332,1.05903,0.00672675,0.00672675,0.00672675
41,1662.31,0.9572,0.76044,0.93757,0.48985,0.71242,0.56032,0.3264,1.42171,1.43386,1.08258,0.00657963,0.00657963,0.00657963
42,1702.43,0.97677,0.79271,0.93657,0.44862,0.76226,0.55265,0.3579,1.23144,1.2927,1.04093,0.00643101,0.00643101,0.00643101
43,1742.85,0.97365,0.77461,0.95019,0.47235,0.77002,0.59841,0.34966,1.48798,1.31182,1.12957,0.00628101,0.00628101,0.00628101
44,1782.76,1.00101,0.79639,0.95179,0.51329,0.72549,0.58819,0.34521,1.40049,1.25207,1.09223,0.00612981,0.00612981,0.00612981
45,1823.35,0.96288,0.75702,0.93467,0.43658,0.63092,0.51137,0.31569,1.31749,1.39615,1.03372,0.00597754,0.00597754,0.00597754
46,1863.91,0.95637,0.76052,0.93528,0.46283,0.67052,0.54646,0.34434,1.28314,1.25331,1.05278,0.00582435,0.00582435,0.00582435
47,1905.61,0.94146,0.73394,0.91488,0.54177,0.73266,0.59986,0.37038,1.35509,1.27427,1.05254,0.0056704,0.0056704,0.0056704
48,1945.95,0.94651,0.76709,0.93726,0.54553,0.64706,0.60769,0.37512,1.31423,1.25371,1.04316,0.00551584,0.00551584,0.00551584
49,1986.86,0.95992,0.74427,0.93302,0.38003,0.79633,0.52242,0.32514,1.31606,1.42769,1.05349,0.00536081,0.00536081,0.00536081
50,2027.12,0.94122,0.75403,0.92769,0.51371,0.60837,0.56189,0.3628,1.25658,1.35997,1.06243,0.00520548,0.00520548,0.00520548
51,2068.83,0.93541,0.73497,0.92483,0.55559,0.62119,0.56095,0.35656,1.28737,1.27916,1.0473,0.00505,0.00505,0.00505
52,2110.29,0.90842,0.71655,0.91508,0.6188,0.61588,0.61383,0.37673,1.3209,1.2765,1.0596,0.00489452,0.00489452,0.00489452
53,2150.96,0.89488,0.70834,0.90887,0.63611,0.61438,0.62105,0.36684,1.35082,1.32505,1.06013,0.00473919,0.00473919,0.00473919
54,2199.33,0.91709,0.67916,0.9249,0.50886,0.69281,0.56675,0.34155,1.30523,1.44284,1.0599,0.00458416,0.00458416,0.00458416
55,2244.81,0.86715,0.69568,0.90906,0.53824,0.7214,0.58296,0.37014,1.24302,1.38048,1.02855,0.0044296,0.0044296,0.0044296
56,2286.35,0.88499,0.69125,0.91453,0.59587,0.60983,0.62591,0.37598,1.34684,1.31123,1.03862,0.00427565,0.00427565,0.00427565
57,2327.26,0.87624,0.67798,0.90164,0.57408,0.6732,0.60013,0.37185,1.30907,1.29645,1.04554,0.00412246,0.00412246,0.00412246
58,2366.8,0.86156,0.67269,0.90399,0.53461,0.73026,0.6143,0.35827,1.42962,1.26712,1.06523,0.00397019,0.00397019,0.00397019
59,2407.44,0.8895,0.6688,0.90417,0.52767,0.67749,0.60575,0.38321,1.27053,1.28466,1.02325,0.00381899,0.00381899,0.00381899
60,2448.14,0.88299,0.66776,0.91089,0.5595,0.71242,0.60703,0.37875,1.28579,1.2964,1.04048,0.00366899,0.00366899,0.00366899
61,2487.94,0.86206,0.65043,0.91172,0.59618,0.61438,0.58521,0.35668,1.28599,1.34338,1.02927,0.00352037,0.00352037,0.00352037
62,2528.97,0.86361,0.6435,0.89557,0.60065,0.67438,0.63774,0.38313,1.28793,1.28567,1.06444,0.00337325,0.00337325,0.00337325
63,2570,0.84864,0.64778,0.89901,0.57189,0.70588,0.61974,0.37639,1.32534,1.26302,1.0609,0.00322778,0.00322778,0.00322778
64,2609.05,0.83915,0.62784,0.89409,0.64613,0.61669,0.66889,0.40898,1.35054,1.24241,1.05683,0.00308412,0.00308412,0.00308412
65,2649.3,0.88748,0.64439,0.90955,0.61676,0.59126,0.6331,0.38966,1.34349,1.30674,1.0626,0.00294239,0.00294239,0.00294239
66,2689.12,0.86262,0.62127,0.89546,0.52184,0.72549,0.60585,0.36156,1.37208,1.36188,1.05218,0.00280275,0.00280275,0.00280275
67,2729.11,0.84431,0.58764,0.89259,0.57784,0.66042,0.6079,0.38744,1.30131,1.32232,1.03106,0.00266532,0.00266532,0.00266532
68,2769.81,0.84361,0.60834,0.8928,0.61164,0.61612,0.61648,0.38432,1.28411,1.35272,1.03246,0.00253024,0.00253024,0.00253024
69,2809.33,0.83297,0.58343,0.88724,0.55991,0.69935,0.60978,0.39873,1.25359,1.3764,1.02747,0.00239766,0.00239766,0.00239766
70,2849.21,0.8372,0.59488,0.88901,0.58616,0.66711,0.60698,0.37513,1.30986,1.42305,1.03476,0.00226769,0.00226769,0.00226769
71,2889.49,0.81618,0.6033,0.88081,0.57714,0.69935,0.60648,0.3764,1.27967,1.41206,1.02857,0.00214046,0.00214046,0.00214046
72,2930.13,0.81827,0.58321,0.8827,0.61653,0.73403,0.66128,0.43471,1.21178,1.24477,1.01633,0.00201611,0.00201611,0.00201611
73,2970.08,0.8269,0.58405,0.88022,0.69852,0.68735,0.66583,0.42174,1.32731,1.22837,1.03067,0.00189475,0.00189475,0.00189475
74,3011.4,0.81751,0.56063,0.89236,0.65804,0.65359,0.65287,0.41124,1.31709,1.23212,1.03054,0.00177651,0.00177651,0.00177651
75,3052.1,0.79021,0.53903,0.8679,0.67573,0.6821,0.66103,0.40928,1.31139,1.27776,1.02939,0.00166149,0.00166149,0.00166149
76,3092.74,0.80289,0.54326,0.87541,0.67623,0.66667,0.67186,0.41717,1.29951,1.27651,1.0233,0.00154982,0.00154982,0.00154982
77,3133.53,0.77688,0.53597,0.87885,0.64645,0.73666,0.67244,0.44145,1.21363,1.2659,1.00552,0.00144161,0.00144161,0.00144161
78,3173.81,0.77423,0.52604,0.88231,0.6005,0.69281,0.61422,0.3942,1.21931,1.40615,1.01674,0.00133695,0.00133695,0.00133695
79,3214.54,0.79355,0.50865,0.88276,0.62216,0.71242,0.64119,0.41664,1.20595,1.37214,1.00649,0.00123596,0.00123596,0.00123596
80,3255.53,0.77984,0.49501,0.87504,0.60393,0.65429,0.61736,0.40673,1.22965,1.48806,1.01265,0.00113873,0.00113873,0.00113873
81,3296.31,0.77061,0.49987,0.87023,0.69253,0.66667,0.67151,0.42654,1.28835,1.38827,1.03689,0.00104537,0.00104537,0.00104537
82,3336.15,0.75991,0.49809,0.87307,0.68266,0.68627,0.67818,0.4396,1.27914,1.33518,1.02294,0.000955951,0.000955951,0.000955951
83,3376.59,0.76675,0.4788,0.87347,0.69181,0.66667,0.65164,0.42278,1.27246,1.38385,1.01361,0.000870577,0.000870577,0.000870577
84,3416.29,0.76074,0.48339,0.87243,0.71032,0.67867,0.67314,0.43117,1.31471,1.32232,1.02718,0.000789327,0.000789327,0.000789327
85,3456.5,0.76341,0.47391,0.86613,0.69653,0.65359,0.65956,0.42693,1.29468,1.32422,1.02951,0.000712282,0.000712282,0.000712282
86,3496.91,0.76705,0.47425,0.87015,0.63841,0.69935,0.63681,0.41997,1.2537,1.3318,1.02729,0.000639518,0.000639518,0.000639518
87,3536.88,0.73681,0.45414,0.86283,0.65657,0.70588,0.64961,0.42813,1.24458,1.31537,1.02412,0.000571106,0.000571106,0.000571106
88,3576.94,0.75933,0.46866,0.86763,0.64581,0.72302,0.6672,0.43689,1.25459,1.31448,1.0253,0.000507115,0.000507115,0.000507115
89,3616.85,0.74713,0.48837,0.86745,0.65522,0.70931,0.6663,0.43815,1.2543,1.31698,1.0256,0.000447606,0.000447606,0.000447606
90,3657.67,0.74907,0.45979,0.86738,0.67211,0.66013,0.6488,0.43088,1.24389,1.35143,1.02369,0.00039264,0.00039264,0.00039264
91,3702.81,0.74723,0.46027,0.8672,0.66055,0.6732,0.64631,0.42546,1.25089,1.37835,1.02542,0.00034227,0.00034227,0.00034227
92,3794.36,0.73464,0.44128,0.86437,0.68445,0.65359,0.64847,0.42325,1.27697,1.38518,1.03013,0.000296546,0.000296546,0.000296546
93,3880.41,0.7188,0.4467,0.86333,0.6787,0.66118,0.65205,0.42178,1.28893,1.38284,1.03023,0.000255513,0.000255513,0.000255513
94,3967.1,0.72043,0.44391,0.85962,0.69306,0.66544,0.65257,0.41994,1.28761,1.38592,1.02842,0.000219212,0.000219212,0.000219212
95,4052.94,0.72282,0.44022,0.86637,0.67691,0.66525,0.6463,0.41702,1.2781,1.39841,1.02673,0.000187678,0.000187678,0.000187678
96,4130.41,0.72799,0.43987,0.85542,0.64891,0.67134,0.64014,0.41072,1.26729,1.41135,1.0247,0.000160943,0.000160943,0.000160943
97,4216.76,0.72922,0.44422,0.86371,0.68,0.66013,0.64877,0.41324,1.26035,1.39237,1.02348,0.000139032,0.000139032,0.000139032
98,4301.67,0.72649,0.43224,0.86145,0.6718,0.6752,0.65996,0.42559,1.25231,1.36903,1.02241,0.000121968,0.000121968,0.000121968
99,4389.5,0.7316,0.43381,0.86619,0.67714,0.67974,0.66242,0.4265,1.2525,1.35821,1.02116,0.000109768,0.000109768,0.000109768
100,4474.73,0.72659,0.43637,0.85984,0.67779,0.67224,0.66682,0.43012,1.25992,1.35021,1.0218,0.000102443,0.000102443,0.000102443
